,n_components,model,MSE
216,5,linreg,1.916976607710246
217,5,pcr,150631.13409263224
218,5,pls,6870.391704711877
219,50,linreg,1.916976607710246
220,50,pcr,138896.04818255457
221,50,pls,1.9169760323024263
222,125,linreg,1.916976607710246
223,125,pcr,117157.9466451786
224,125,pls,1.9169766077103545
225,250,linreg,1.916976607710246
226,250,pcr,74690.7286781623
227,250,pls,1.908975174262264
